"","naics","date_formated","count"
"1","Accommodation and Food Services",2020-02-27,1
"2","Accommodation and Food Services",2020-02-28,16
"3","Accommodation and Food Services",2020-02-29,3
"4","Accommodation and Food Services",2020-03-01,7
"5","Accommodation and Food Services",2020-03-02,15
"6","Accommodation and Food Services",2020-03-03,48
"7","Accommodation and Food Services",2020-03-04,19
"8","Accommodation and Food Services",2020-03-05,139
"9","Accommodation and Food Services",2020-03-06,21
"10","Accommodation and Food Services",2020-03-07,13
"11","Accommodation and Food Services",2020-03-08,15
"12","Accommodation and Food Services",2020-03-09,93
"13","Accommodation and Food Services",2020-03-10,75
"14","Accommodation and Food Services",2020-03-11,66
"15","Accommodation and Food Services",2020-03-12,54
"16","Accommodation and Food Services",2020-03-13,36
"17","Accommodation and Food Services",2020-03-14,17
"18","Accommodation and Food Services",2020-03-15,14
"19","Accommodation and Food Services",2020-03-16,42
"20","Accommodation and Food Services",2020-03-17,27
"21","Accommodation and Food Services",2020-03-18,28
"22","Accommodation and Food Services",2020-03-19,21
"23","Accommodation and Food Services",2020-03-20,18
"24","Accommodation and Food Services",2020-03-21,9
"25","Accommodation and Food Services",2020-03-22,7
"26","Accommodation and Food Services",2020-03-23,52
"27","Accommodation and Food Services",2020-03-24,37
"28","Accommodation and Food Services",2020-03-25,32
"29","Accommodation and Food Services",2020-03-26,12
"30","Accommodation and Food Services",2020-03-27,33
"31","Accommodation and Food Services",2020-03-28,40
"32","Accommodation and Food Services",2020-03-29,18
"33","Accommodation and Food Services",2020-03-30,30
"34","Accommodation and Food Services",2020-03-31,30
"35","Accommodation and Food Services",2020-04-01,30
"36","Accommodation and Food Services",2020-04-02,60
"37","Accommodation and Food Services",2020-04-03,23
"38","Accommodation and Food Services",2020-04-04,27
"39","Accommodation and Food Services",2020-04-05,19
"40","Accommodation and Food Services",2020-04-06,41
"41","Accommodation and Food Services",2020-04-07,24
"42","Accommodation and Food Services",2020-04-08,39
"43","Accommodation and Food Services",2020-04-09,44
"44","Accommodation and Food Services",2020-04-10,40
"45","Accommodation and Food Services",2020-04-11,51
"46","Accommodation and Food Services",2020-04-12,47
"47","Accommodation and Food Services",2020-04-13,100
"48","Accommodation and Food Services",2020-04-14,119
"49","Accommodation and Food Services",2020-04-15,18
"50","Accommodation and Food Services",2020-04-16,32
"51","Accommodation and Food Services",2020-04-17,33
"52","Accommodation and Food Services",2020-04-18,12
"53","Accommodation and Food Services",2020-04-19,69
"54","Accommodation and Food Services",2020-04-20,38
"55","Accommodation and Food Services",2020-04-21,26
"56","Accommodation and Food Services",2020-04-22,37
"57","Accommodation and Food Services",2020-04-23,28
"58","Accommodation and Food Services",2020-04-24,41
"59","Accommodation and Food Services",2020-04-25,28
"60","Accommodation and Food Services",2020-04-26,18
"61","Accommodation and Food Services",2020-04-27,27
"62","Accommodation and Food Services",2020-04-28,76
"63","Accommodation and Food Services",2020-04-29,70
"64","Accommodation and Food Services",2020-04-30,28
"65","Accommodation and Food Services",2020-05-01,51
"66","Accommodation and Food Services",2020-05-02,89
"67","Accommodation and Food Services",2020-05-03,49
"68","Accommodation and Food Services",2020-05-04,75
"69","Accommodation and Food Services",2020-05-05,44
"70","Accommodation and Food Services",2020-05-06,81
"71","Accommodation and Food Services",2020-05-07,55
"72","Accommodation and Food Services",2020-05-08,21
"73","Accommodation and Food Services",2020-05-09,26
"74","Accommodation and Food Services",2020-05-10,6
"75","Accommodation and Food Services",2020-05-11,67
"76","Accommodation and Food Services",2020-05-12,32
"77","Accommodation and Food Services",2020-05-13,50
"78","Accommodation and Food Services",2020-05-14,38
"79","Accommodation and Food Services",2020-05-15,50
"80","Accommodation and Food Services",2020-05-16,11
"81","Accommodation and Food Services",2020-05-17,32
"82","Admin, Support, Waste, & Remediation Services",2020-02-27,670
"83","Admin, Support, Waste, & Remediation Services",2020-02-28,560
"84","Admin, Support, Waste, & Remediation Services",2020-02-29,30
"85","Admin, Support, Waste, & Remediation Services",2020-03-01,61
"86","Admin, Support, Waste, & Remediation Services",2020-03-02,173
"87","Admin, Support, Waste, & Remediation Services",2020-03-03,280
"88","Admin, Support, Waste, & Remediation Services",2020-03-04,151
"89","Admin, Support, Waste, & Remediation Services",2020-03-05,320
"90","Admin, Support, Waste, & Remediation Services",2020-03-06,148
"91","Admin, Support, Waste, & Remediation Services",2020-03-07,149
"92","Admin, Support, Waste, & Remediation Services",2020-03-08,189
"93","Admin, Support, Waste, & Remediation Services",2020-03-09,618
"94","Admin, Support, Waste, & Remediation Services",2020-03-10,351
"95","Admin, Support, Waste, & Remediation Services",2020-03-11,485
"96","Admin, Support, Waste, & Remediation Services",2020-03-12,401
"97","Admin, Support, Waste, & Remediation Services",2020-03-13,370
"98","Admin, Support, Waste, & Remediation Services",2020-03-14,135
"99","Admin, Support, Waste, & Remediation Services",2020-03-15,59
"100","Admin, Support, Waste, & Remediation Services",2020-03-16,172
"101","Admin, Support, Waste, & Remediation Services",2020-03-17,350
"102","Admin, Support, Waste, & Remediation Services",2020-03-18,535
"103","Admin, Support, Waste, & Remediation Services",2020-03-19,342
"104","Admin, Support, Waste, & Remediation Services",2020-03-20,143
"105","Admin, Support, Waste, & Remediation Services",2020-03-21,51
"106","Admin, Support, Waste, & Remediation Services",2020-03-22,31
"107","Admin, Support, Waste, & Remediation Services",2020-03-23,308
"108","Admin, Support, Waste, & Remediation Services",2020-03-24,225
"109","Admin, Support, Waste, & Remediation Services",2020-03-25,287
"110","Admin, Support, Waste, & Remediation Services",2020-03-26,282
"111","Admin, Support, Waste, & Remediation Services",2020-03-27,576
"112","Admin, Support, Waste, & Remediation Services",2020-03-28,123
"113","Admin, Support, Waste, & Remediation Services",2020-03-29,55
"114","Admin, Support, Waste, & Remediation Services",2020-03-30,221
"115","Admin, Support, Waste, & Remediation Services",2020-03-31,178
"116","Admin, Support, Waste, & Remediation Services",2020-04-01,268
"117","Admin, Support, Waste, & Remediation Services",2020-04-02,493
"118","Admin, Support, Waste, & Remediation Services",2020-04-03,186
"119","Admin, Support, Waste, & Remediation Services",2020-04-04,200
"120","Admin, Support, Waste, & Remediation Services",2020-04-05,51
"121","Admin, Support, Waste, & Remediation Services",2020-04-06,145
"122","Admin, Support, Waste, & Remediation Services",2020-04-07,358
"123","Admin, Support, Waste, & Remediation Services",2020-04-08,500
"124","Admin, Support, Waste, & Remediation Services",2020-04-09,375
"125","Admin, Support, Waste, & Remediation Services",2020-04-10,227
"126","Admin, Support, Waste, & Remediation Services",2020-04-11,202
"127","Admin, Support, Waste, & Remediation Services",2020-04-12,25
"128","Admin, Support, Waste, & Remediation Services",2020-04-13,214
"129","Admin, Support, Waste, & Remediation Services",2020-04-14,354
"130","Admin, Support, Waste, & Remediation Services",2020-04-15,56
"131","Admin, Support, Waste, & Remediation Services",2020-04-16,159
"132","Admin, Support, Waste, & Remediation Services",2020-04-17,92
"133","Admin, Support, Waste, & Remediation Services",2020-04-18,31
"134","Admin, Support, Waste, & Remediation Services",2020-04-19,107
"135","Admin, Support, Waste, & Remediation Services",2020-04-20,112
"136","Admin, Support, Waste, & Remediation Services",2020-04-21,159
"137","Admin, Support, Waste, & Remediation Services",2020-04-22,175
"138","Admin, Support, Waste, & Remediation Services",2020-04-23,135
"139","Admin, Support, Waste, & Remediation Services",2020-04-24,128
"140","Admin, Support, Waste, & Remediation Services",2020-04-25,78
"141","Admin, Support, Waste, & Remediation Services",2020-04-26,42
"142","Admin, Support, Waste, & Remediation Services",2020-04-27,235
"143","Admin, Support, Waste, & Remediation Services",2020-04-28,347
"144","Admin, Support, Waste, & Remediation Services",2020-04-29,160
"145","Admin, Support, Waste, & Remediation Services",2020-04-30,157
"146","Admin, Support, Waste, & Remediation Services",2020-05-01,225
"147","Admin, Support, Waste, & Remediation Services",2020-05-02,284
"148","Admin, Support, Waste, & Remediation Services",2020-05-03,174
"149","Admin, Support, Waste, & Remediation Services",2020-05-04,266
"150","Admin, Support, Waste, & Remediation Services",2020-05-05,423
"151","Admin, Support, Waste, & Remediation Services",2020-05-06,589
"152","Admin, Support, Waste, & Remediation Services",2020-05-07,354
"153","Admin, Support, Waste, & Remediation Services",2020-05-08,346
"154","Admin, Support, Waste, & Remediation Services",2020-05-09,93
"155","Admin, Support, Waste, & Remediation Services",2020-05-10,220
"156","Admin, Support, Waste, & Remediation Services",2020-05-11,310
"157","Admin, Support, Waste, & Remediation Services",2020-05-12,138
"158","Admin, Support, Waste, & Remediation Services",2020-05-13,136
"159","Admin, Support, Waste, & Remediation Services",2020-05-14,156
"160","Admin, Support, Waste, & Remediation Services",2020-05-15,111
"161","Admin, Support, Waste, & Remediation Services",2020-05-16,55
"162","Admin, Support, Waste, & Remediation Services",2020-05-17,29
"163","Arts, Entertainment, and Recreation",2020-03-17,2
"164","Arts, Entertainment, and Recreation",2020-03-27,5
"165","Arts, Entertainment, and Recreation",2020-04-16,1
"166","Construction",2020-02-27,10
"167","Construction",2020-02-28,10
"168","Construction",2020-02-29,23
"169","Construction",2020-03-02,16
"170","Construction",2020-03-03,11
"171","Construction",2020-03-04,12
"172","Construction",2020-03-05,6
"173","Construction",2020-03-06,12
"174","Construction",2020-03-07,3
"175","Construction",2020-03-08,1
"176","Construction",2020-03-09,11
"177","Construction",2020-03-10,14
"178","Construction",2020-03-11,26
"179","Construction",2020-03-12,17
"180","Construction",2020-03-13,17
"181","Construction",2020-03-14,1
"182","Construction",2020-03-15,4
"183","Construction",2020-03-16,40
"184","Construction",2020-03-17,4
"185","Construction",2020-03-18,41
"186","Construction",2020-03-19,16
"187","Construction",2020-03-20,19
"188","Construction",2020-03-21,3
"189","Construction",2020-03-22,3
"190","Construction",2020-03-23,15
"191","Construction",2020-03-24,23
"192","Construction",2020-03-25,11
"193","Construction",2020-03-26,12
"194","Construction",2020-03-27,8
"195","Construction",2020-03-28,2
"196","Construction",2020-03-30,17
"197","Construction",2020-03-31,4
"198","Construction",2020-04-01,16
"199","Construction",2020-04-02,35
"200","Construction",2020-04-03,15
"201","Construction",2020-04-04,20
"202","Construction",2020-04-05,4
"203","Construction",2020-04-06,8
"204","Construction",2020-04-07,10
"205","Construction",2020-04-08,33
"206","Construction",2020-04-09,24
"207","Construction",2020-04-10,14
"208","Construction",2020-04-11,12
"209","Construction",2020-04-13,32
"210","Construction",2020-04-14,14
"211","Construction",2020-04-15,5
"212","Construction",2020-04-16,13
"213","Construction",2020-04-17,12
"214","Construction",2020-04-18,3
"215","Construction",2020-04-20,9
"216","Construction",2020-04-21,41
"217","Construction",2020-04-22,29
"218","Construction",2020-04-23,9
"219","Construction",2020-04-24,8
"220","Construction",2020-04-25,14
"221","Construction",2020-04-26,4
"222","Construction",2020-04-27,16
"223","Construction",2020-04-28,9
"224","Construction",2020-04-29,27
"225","Construction",2020-04-30,8
"226","Construction",2020-05-01,11
"227","Construction",2020-05-02,1
"228","Construction",2020-05-03,3
"229","Construction",2020-05-04,8
"230","Construction",2020-05-05,26
"231","Construction",2020-05-06,26
"232","Construction",2020-05-07,26
"233","Construction",2020-05-08,20
"234","Construction",2020-05-09,6
"235","Construction",2020-05-10,26
"236","Construction",2020-05-11,23
"237","Construction",2020-05-12,14
"238","Construction",2020-05-13,27
"239","Construction",2020-05-14,13
"240","Construction",2020-05-15,9
"241","Construction",2020-05-16,8
"242","Construction",2020-05-17,1
"243","Educational Services",2020-02-27,13
"244","Educational Services",2020-02-28,2
"245","Educational Services",2020-02-29,4
"246","Educational Services",2020-03-01,3
"247","Educational Services",2020-03-02,64
"248","Educational Services",2020-03-03,17
"249","Educational Services",2020-03-04,135
"250","Educational Services",2020-03-05,71
"251","Educational Services",2020-03-06,38
"252","Educational Services",2020-03-07,38
"253","Educational Services",2020-03-08,13
"254","Educational Services",2020-03-09,180
"255","Educational Services",2020-03-10,290
"256","Educational Services",2020-03-11,107
"257","Educational Services",2020-03-12,213
"258","Educational Services",2020-03-13,292
"259","Educational Services",2020-03-14,44
"260","Educational Services",2020-03-15,12
"261","Educational Services",2020-03-16,122
"262","Educational Services",2020-03-17,119
"263","Educational Services",2020-03-18,100
"264","Educational Services",2020-03-19,248
"265","Educational Services",2020-03-20,248
"266","Educational Services",2020-03-21,20
"267","Educational Services",2020-03-22,10
"268","Educational Services",2020-03-23,177
"269","Educational Services",2020-03-24,143
"270","Educational Services",2020-03-25,132
"271","Educational Services",2020-03-26,150
"272","Educational Services",2020-03-27,130
"273","Educational Services",2020-03-28,61
"274","Educational Services",2020-03-29,27
"275","Educational Services",2020-03-30,86
"276","Educational Services",2020-03-31,73
"277","Educational Services",2020-04-01,119
"278","Educational Services",2020-04-02,242
"279","Educational Services",2020-04-03,122
"280","Educational Services",2020-04-04,52
"281","Educational Services",2020-04-05,35
"282","Educational Services",2020-04-06,113
"283","Educational Services",2020-04-07,61
"284","Educational Services",2020-04-08,167
"285","Educational Services",2020-04-09,147
"286","Educational Services",2020-04-10,151
"287","Educational Services",2020-04-11,106
"288","Educational Services",2020-04-12,10
"289","Educational Services",2020-04-13,99
"290","Educational Services",2020-04-14,147
"291","Educational Services",2020-04-15,59
"292","Educational Services",2020-04-16,136
"293","Educational Services",2020-04-17,58
"294","Educational Services",2020-04-18,26
"295","Educational Services",2020-04-19,11
"296","Educational Services",2020-04-20,75
"297","Educational Services",2020-04-21,72
"298","Educational Services",2020-04-22,101
"299","Educational Services",2020-04-23,129
"300","Educational Services",2020-04-24,86
"301","Educational Services",2020-04-25,24
"302","Educational Services",2020-04-26,28
"303","Educational Services",2020-04-27,128
"304","Educational Services",2020-04-28,191
"305","Educational Services",2020-04-29,131
"306","Educational Services",2020-04-30,143
"307","Educational Services",2020-05-01,163
"308","Educational Services",2020-05-02,42
"309","Educational Services",2020-05-03,16
"310","Educational Services",2020-05-04,73
"311","Educational Services",2020-05-05,106
"312","Educational Services",2020-05-06,104
"313","Educational Services",2020-05-07,203
"314","Educational Services",2020-05-08,108
"315","Educational Services",2020-05-09,88
"316","Educational Services",2020-05-10,45
"317","Educational Services",2020-05-11,176
"318","Educational Services",2020-05-12,157
"319","Educational Services",2020-05-13,105
"320","Educational Services",2020-05-14,116
"321","Educational Services",2020-05-15,160
"322","Educational Services",2020-05-16,35
"323","Educational Services",2020-05-17,3
"324","Finance and Insurance",2020-02-27,21
"325","Finance and Insurance",2020-02-28,16
"326","Finance and Insurance",2020-02-29,6
"327","Finance and Insurance",2020-03-01,16
"328","Finance and Insurance",2020-03-02,22
"329","Finance and Insurance",2020-03-03,42
"330","Finance and Insurance",2020-03-04,40
"331","Finance and Insurance",2020-03-05,90
"332","Finance and Insurance",2020-03-06,63
"333","Finance and Insurance",2020-03-07,17
"334","Finance and Insurance",2020-03-08,4
"335","Finance and Insurance",2020-03-09,66
"336","Finance and Insurance",2020-03-10,87
"337","Finance and Insurance",2020-03-11,77
"338","Finance and Insurance",2020-03-12,71
"339","Finance and Insurance",2020-03-13,94
"340","Finance and Insurance",2020-03-14,27
"341","Finance and Insurance",2020-03-15,11
"342","Finance and Insurance",2020-03-16,135
"343","Finance and Insurance",2020-03-17,135
"344","Finance and Insurance",2020-03-18,48
"345","Finance and Insurance",2020-03-19,119
"346","Finance and Insurance",2020-03-20,78
"347","Finance and Insurance",2020-03-21,26
"348","Finance and Insurance",2020-03-22,13
"349","Finance and Insurance",2020-03-23,47
"350","Finance and Insurance",2020-03-24,144
"351","Finance and Insurance",2020-03-25,78
"352","Finance and Insurance",2020-03-26,54
"353","Finance and Insurance",2020-03-27,113
"354","Finance and Insurance",2020-03-28,43
"355","Finance and Insurance",2020-03-29,12
"356","Finance and Insurance",2020-03-30,68
"357","Finance and Insurance",2020-03-31,71
"358","Finance and Insurance",2020-04-01,86
"359","Finance and Insurance",2020-04-02,109
"360","Finance and Insurance",2020-04-03,97
"361","Finance and Insurance",2020-04-04,38
"362","Finance and Insurance",2020-04-05,33
"363","Finance and Insurance",2020-04-06,61
"364","Finance and Insurance",2020-04-07,71
"365","Finance and Insurance",2020-04-08,123
"366","Finance and Insurance",2020-04-09,87
"367","Finance and Insurance",2020-04-10,45
"368","Finance and Insurance",2020-04-11,137
"369","Finance and Insurance",2020-04-12,25
"370","Finance and Insurance",2020-04-13,102
"371","Finance and Insurance",2020-04-14,118
"372","Finance and Insurance",2020-04-15,53
"373","Finance and Insurance",2020-04-16,54
"374","Finance and Insurance",2020-04-17,55
"375","Finance and Insurance",2020-04-18,10
"376","Finance and Insurance",2020-04-19,2
"377","Finance and Insurance",2020-04-20,29
"378","Finance and Insurance",2020-04-21,53
"379","Finance and Insurance",2020-04-22,46
"380","Finance and Insurance",2020-04-23,61
"381","Finance and Insurance",2020-04-24,46
"382","Finance and Insurance",2020-04-25,20
"383","Finance and Insurance",2020-04-26,14
"384","Finance and Insurance",2020-04-27,165
"385","Finance and Insurance",2020-04-28,104
"386","Finance and Insurance",2020-04-29,88
"387","Finance and Insurance",2020-04-30,79
"388","Finance and Insurance",2020-05-01,105
"389","Finance and Insurance",2020-05-02,15
"390","Finance and Insurance",2020-05-03,18
"391","Finance and Insurance",2020-05-04,113
"392","Finance and Insurance",2020-05-05,143
"393","Finance and Insurance",2020-05-06,128
"394","Finance and Insurance",2020-05-07,153
"395","Finance and Insurance",2020-05-08,100
"396","Finance and Insurance",2020-05-09,45
"397","Finance and Insurance",2020-05-10,25
"398","Finance and Insurance",2020-05-11,136
"399","Finance and Insurance",2020-05-12,124
"400","Finance and Insurance",2020-05-13,130
"401","Finance and Insurance",2020-05-14,128
"402","Finance and Insurance",2020-05-15,156
"403","Finance and Insurance",2020-05-16,59
"404","Finance and Insurance",2020-05-17,16
"405","Health Care and Social Assistance",2020-02-27,2
"406","Health Care and Social Assistance",2020-02-28,5
"407","Health Care and Social Assistance",2020-02-29,6
"408","Health Care and Social Assistance",2020-03-01,6
"409","Health Care and Social Assistance",2020-03-02,23
"410","Health Care and Social Assistance",2020-03-03,18
"411","Health Care and Social Assistance",2020-03-04,17
"412","Health Care and Social Assistance",2020-03-05,23
"413","Health Care and Social Assistance",2020-03-06,41
"414","Health Care and Social Assistance",2020-03-07,10
"415","Health Care and Social Assistance",2020-03-08,32
"416","Health Care and Social Assistance",2020-03-09,36
"417","Health Care and Social Assistance",2020-03-10,41
"418","Health Care and Social Assistance",2020-03-11,64
"419","Health Care and Social Assistance",2020-03-12,66
"420","Health Care and Social Assistance",2020-03-13,32
"421","Health Care and Social Assistance",2020-03-14,9
"422","Health Care and Social Assistance",2020-03-15,8
"423","Health Care and Social Assistance",2020-03-16,33
"424","Health Care and Social Assistance",2020-03-17,29
"425","Health Care and Social Assistance",2020-03-18,18
"426","Health Care and Social Assistance",2020-03-19,44
"427","Health Care and Social Assistance",2020-03-20,31
"428","Health Care and Social Assistance",2020-03-21,19
"429","Health Care and Social Assistance",2020-03-22,3
"430","Health Care and Social Assistance",2020-03-23,35
"431","Health Care and Social Assistance",2020-03-24,43
"432","Health Care and Social Assistance",2020-03-25,15
"433","Health Care and Social Assistance",2020-03-26,22
"434","Health Care and Social Assistance",2020-03-27,58
"435","Health Care and Social Assistance",2020-03-28,8
"436","Health Care and Social Assistance",2020-03-29,2
"437","Health Care and Social Assistance",2020-03-30,25
"438","Health Care and Social Assistance",2020-03-31,36
"439","Health Care and Social Assistance",2020-04-01,25
"440","Health Care and Social Assistance",2020-04-02,61
"441","Health Care and Social Assistance",2020-04-03,51
"442","Health Care and Social Assistance",2020-04-04,16
"443","Health Care and Social Assistance",2020-04-05,11
"444","Health Care and Social Assistance",2020-04-06,41
"445","Health Care and Social Assistance",2020-04-07,14
"446","Health Care and Social Assistance",2020-04-08,43
"447","Health Care and Social Assistance",2020-04-09,35
"448","Health Care and Social Assistance",2020-04-10,17
"449","Health Care and Social Assistance",2020-04-11,26
"450","Health Care and Social Assistance",2020-04-12,7
"451","Health Care and Social Assistance",2020-04-13,23
"452","Health Care and Social Assistance",2020-04-14,54
"453","Health Care and Social Assistance",2020-04-15,24
"454","Health Care and Social Assistance",2020-04-16,21
"455","Health Care and Social Assistance",2020-04-17,21
"456","Health Care and Social Assistance",2020-04-20,12
"457","Health Care and Social Assistance",2020-04-21,33
"458","Health Care and Social Assistance",2020-04-22,29
"459","Health Care and Social Assistance",2020-04-23,17
"460","Health Care and Social Assistance",2020-04-24,22
"461","Health Care and Social Assistance",2020-04-25,6
"462","Health Care and Social Assistance",2020-04-26,9
"463","Health Care and Social Assistance",2020-04-27,29
"464","Health Care and Social Assistance",2020-04-28,46
"465","Health Care and Social Assistance",2020-04-29,40
"466","Health Care and Social Assistance",2020-04-30,49
"467","Health Care and Social Assistance",2020-05-01,44
"468","Health Care and Social Assistance",2020-05-02,18
"469","Health Care and Social Assistance",2020-05-03,8
"470","Health Care and Social Assistance",2020-05-04,45
"471","Health Care and Social Assistance",2020-05-05,58
"472","Health Care and Social Assistance",2020-05-06,48
"473","Health Care and Social Assistance",2020-05-07,62
"474","Health Care and Social Assistance",2020-05-08,41
"475","Health Care and Social Assistance",2020-05-09,5
"476","Health Care and Social Assistance",2020-05-10,5
"477","Health Care and Social Assistance",2020-05-11,43
"478","Health Care and Social Assistance",2020-05-12,74
"479","Health Care and Social Assistance",2020-05-13,63
"480","Health Care and Social Assistance",2020-05-14,75
"481","Health Care and Social Assistance",2020-05-15,61
"482","Health Care and Social Assistance",2020-05-16,17
"483","Health Care and Social Assistance",2020-05-17,16
"484","Information",2020-02-28,3
"485","Information",2020-03-01,4
"486","Information",2020-03-02,11
"487","Information",2020-03-03,4
"488","Information",2020-03-04,5
"489","Information",2020-03-05,1
"490","Information",2020-03-06,8
"491","Information",2020-03-09,12
"492","Information",2020-03-10,5
"493","Information",2020-03-11,1
"494","Information",2020-03-12,4
"495","Information",2020-03-13,2
"496","Information",2020-03-14,2
"497","Information",2020-03-16,6
"498","Information",2020-03-17,8
"499","Information",2020-03-18,4
"500","Information",2020-03-19,3
"501","Information",2020-03-20,6
"502","Information",2020-03-23,4
"503","Information",2020-03-24,6
"504","Information",2020-03-25,3
"505","Information",2020-03-26,13
"506","Information",2020-03-27,5
"507","Information",2020-03-30,2
"508","Information",2020-03-31,6
"509","Information",2020-04-01,16
"510","Information",2020-04-02,10
"511","Information",2020-04-03,8
"512","Information",2020-04-06,4
"513","Information",2020-04-07,2
"514","Information",2020-04-08,8
"515","Information",2020-04-09,18
"516","Information",2020-04-10,6
"517","Information",2020-04-11,4
"518","Information",2020-04-13,6
"519","Information",2020-04-14,14
"520","Information",2020-04-15,8
"521","Information",2020-04-16,4
"522","Information",2020-04-17,6
"523","Information",2020-04-19,4
"524","Information",2020-04-21,4
"525","Information",2020-04-22,7
"526","Information",2020-04-23,1
"527","Information",2020-04-24,2
"528","Information",2020-04-25,1
"529","Information",2020-04-27,2
"530","Information",2020-04-28,3
"531","Information",2020-04-30,6
"532","Information",2020-05-01,2
"533","Information",2020-05-04,5
"534","Information",2020-05-05,9
"535","Information",2020-05-06,4
"536","Information",2020-05-07,4
"537","Information",2020-05-08,6
"538","Information",2020-05-09,3
"539","Information",2020-05-10,1
"540","Information",2020-05-11,3
"541","Information",2020-05-13,4
"542","Information",2020-05-14,4
"543","Information",2020-05-16,2
"544","Management of Companies and Enterprises",2020-02-27,3
"545","Management of Companies and Enterprises",2020-03-01,2
"546","Management of Companies and Enterprises",2020-03-02,4
"547","Management of Companies and Enterprises",2020-03-04,2
"548","Management of Companies and Enterprises",2020-03-05,2
"549","Management of Companies and Enterprises",2020-03-10,6
"550","Management of Companies and Enterprises",2020-03-12,2
"551","Management of Companies and Enterprises",2020-03-13,4
"552","Management of Companies and Enterprises",2020-03-23,2
"553","Management of Companies and Enterprises",2020-03-26,2
"554","Management of Companies and Enterprises",2020-03-27,3
"555","Management of Companies and Enterprises",2020-03-28,4
"556","Management of Companies and Enterprises",2020-03-31,2
"557","Management of Companies and Enterprises",2020-04-04,2
"558","Management of Companies and Enterprises",2020-04-06,2
"559","Management of Companies and Enterprises",2020-04-09,4
"560","Management of Companies and Enterprises",2020-04-10,2
"561","Management of Companies and Enterprises",2020-04-11,2
"562","Management of Companies and Enterprises",2020-04-14,2
"563","Management of Companies and Enterprises",2020-04-17,2
"564","Management of Companies and Enterprises",2020-04-21,2
"565","Management of Companies and Enterprises",2020-04-22,2
"566","Management of Companies and Enterprises",2020-04-23,2
"567","Management of Companies and Enterprises",2020-04-25,4
"568","Management of Companies and Enterprises",2020-04-30,2
"569","Management of Companies and Enterprises",2020-05-01,2
"570","Management of Companies and Enterprises",2020-05-07,6
"571","Management of Companies and Enterprises",2020-05-09,2
"572","Management of Companies and Enterprises",2020-05-11,2
"573","Management of Companies and Enterprises",2020-05-12,2
"574","Manufacturing",2020-02-28,3
"575","Manufacturing",2020-03-02,2
"576","Manufacturing",2020-03-03,13
"577","Manufacturing",2020-03-05,7
"578","Manufacturing",2020-03-09,3
"579","Manufacturing",2020-03-10,5
"580","Manufacturing",2020-03-11,3
"581","Manufacturing",2020-03-12,4
"582","Manufacturing",2020-03-13,1
"583","Manufacturing",2020-03-17,4
"584","Manufacturing",2020-03-18,8
"585","Manufacturing",2020-03-19,5
"586","Manufacturing",2020-03-20,3
"587","Manufacturing",2020-03-21,2
"588","Manufacturing",2020-03-27,4
"589","Manufacturing",2020-04-02,4
"590","Manufacturing",2020-04-06,2
"591","Manufacturing",2020-04-07,2
"592","Manufacturing",2020-04-11,2
"593","Manufacturing",2020-04-13,2
"594","Manufacturing",2020-04-14,2
"595","Manufacturing",2020-04-15,2
"596","Manufacturing",2020-04-20,10
"597","Manufacturing",2020-04-21,2
"598","Manufacturing",2020-04-22,2
"599","Manufacturing",2020-04-23,2
"600","Manufacturing",2020-04-24,2
"601","Manufacturing",2020-04-25,2
"602","Manufacturing",2020-04-27,2
"603","Manufacturing",2020-04-29,4
"604","Manufacturing",2020-05-01,2
"605","Manufacturing",2020-05-04,2
"606","Manufacturing",2020-05-05,4
"607","Manufacturing",2020-05-06,2
"608","Manufacturing",2020-05-07,6
"609","Manufacturing",2020-05-09,2
"610","Manufacturing",2020-05-11,4
"611","Manufacturing",2020-05-13,6
"612","Manufacturing",2020-05-15,4
"613","Professional, Scientific, and Technical Services",2020-02-27,21
"614","Professional, Scientific, and Technical Services",2020-02-28,16
"615","Professional, Scientific, and Technical Services",2020-02-29,19
"616","Professional, Scientific, and Technical Services",2020-03-01,6
"617","Professional, Scientific, and Technical Services",2020-03-02,79
"618","Professional, Scientific, and Technical Services",2020-03-03,46
"619","Professional, Scientific, and Technical Services",2020-03-04,117
"620","Professional, Scientific, and Technical Services",2020-03-05,134
"621","Professional, Scientific, and Technical Services",2020-03-06,111
"622","Professional, Scientific, and Technical Services",2020-03-07,31
"623","Professional, Scientific, and Technical Services",2020-03-08,19
"624","Professional, Scientific, and Technical Services",2020-03-09,128
"625","Professional, Scientific, and Technical Services",2020-03-10,145
"626","Professional, Scientific, and Technical Services",2020-03-11,184
"627","Professional, Scientific, and Technical Services",2020-03-12,117
"628","Professional, Scientific, and Technical Services",2020-03-13,109
"629","Professional, Scientific, and Technical Services",2020-03-14,28
"630","Professional, Scientific, and Technical Services",2020-03-15,15
"631","Professional, Scientific, and Technical Services",2020-03-16,149
"632","Professional, Scientific, and Technical Services",2020-03-17,159
"633","Professional, Scientific, and Technical Services",2020-03-18,67
"634","Professional, Scientific, and Technical Services",2020-03-19,89
"635","Professional, Scientific, and Technical Services",2020-03-20,92
"636","Professional, Scientific, and Technical Services",2020-03-21,8
"637","Professional, Scientific, and Technical Services",2020-03-22,12
"638","Professional, Scientific, and Technical Services",2020-03-23,56
"639","Professional, Scientific, and Technical Services",2020-03-24,90
"640","Professional, Scientific, and Technical Services",2020-03-25,106
"641","Professional, Scientific, and Technical Services",2020-03-26,99
"642","Professional, Scientific, and Technical Services",2020-03-27,176
"643","Professional, Scientific, and Technical Services",2020-03-28,87
"644","Professional, Scientific, and Technical Services",2020-03-29,43
"645","Professional, Scientific, and Technical Services",2020-03-30,98
"646","Professional, Scientific, and Technical Services",2020-03-31,66
"647","Professional, Scientific, and Technical Services",2020-04-01,106
"648","Professional, Scientific, and Technical Services",2020-04-02,175
"649","Professional, Scientific, and Technical Services",2020-04-03,137
"650","Professional, Scientific, and Technical Services",2020-04-04,55
"651","Professional, Scientific, and Technical Services",2020-04-05,20
"652","Professional, Scientific, and Technical Services",2020-04-06,67
"653","Professional, Scientific, and Technical Services",2020-04-07,78
"654","Professional, Scientific, and Technical Services",2020-04-08,95
"655","Professional, Scientific, and Technical Services",2020-04-09,144
"656","Professional, Scientific, and Technical Services",2020-04-10,95
"657","Professional, Scientific, and Technical Services",2020-04-11,129
"658","Professional, Scientific, and Technical Services",2020-04-12,10
"659","Professional, Scientific, and Technical Services",2020-04-13,139
"660","Professional, Scientific, and Technical Services",2020-04-14,94
"661","Professional, Scientific, and Technical Services",2020-04-15,70
"662","Professional, Scientific, and Technical Services",2020-04-16,113
"663","Professional, Scientific, and Technical Services",2020-04-17,50
"664","Professional, Scientific, and Technical Services",2020-04-18,11
"665","Professional, Scientific, and Technical Services",2020-04-19,10
"666","Professional, Scientific, and Technical Services",2020-04-20,79
"667","Professional, Scientific, and Technical Services",2020-04-21,117
"668","Professional, Scientific, and Technical Services",2020-04-22,95
"669","Professional, Scientific, and Technical Services",2020-04-23,84
"670","Professional, Scientific, and Technical Services",2020-04-24,57
"671","Professional, Scientific, and Technical Services",2020-04-25,32
"672","Professional, Scientific, and Technical Services",2020-04-26,10
"673","Professional, Scientific, and Technical Services",2020-04-27,59
"674","Professional, Scientific, and Technical Services",2020-04-28,125
"675","Professional, Scientific, and Technical Services",2020-04-29,96
"676","Professional, Scientific, and Technical Services",2020-04-30,111
"677","Professional, Scientific, and Technical Services",2020-05-01,203
"678","Professional, Scientific, and Technical Services",2020-05-02,34
"679","Professional, Scientific, and Technical Services",2020-05-03,19
"680","Professional, Scientific, and Technical Services",2020-05-04,104
"681","Professional, Scientific, and Technical Services",2020-05-05,121
"682","Professional, Scientific, and Technical Services",2020-05-06,111
"683","Professional, Scientific, and Technical Services",2020-05-07,121
"684","Professional, Scientific, and Technical Services",2020-05-08,118
"685","Professional, Scientific, and Technical Services",2020-05-09,50
"686","Professional, Scientific, and Technical Services",2020-05-10,38
"687","Professional, Scientific, and Technical Services",2020-05-11,156
"688","Professional, Scientific, and Technical Services",2020-05-12,95
"689","Professional, Scientific, and Technical Services",2020-05-13,132
"690","Professional, Scientific, and Technical Services",2020-05-14,117
"691","Professional, Scientific, and Technical Services",2020-05-15,138
"692","Professional, Scientific, and Technical Services",2020-05-16,59
"693","Professional, Scientific, and Technical Services",2020-05-17,14
"694","Public Administration",2020-02-27,3
"695","Public Administration",2020-02-28,9
"696","Public Administration",2020-02-29,2
"697","Public Administration",2020-03-02,9
"698","Public Administration",2020-03-03,12
"699","Public Administration",2020-03-04,28
"700","Public Administration",2020-03-05,28
"701","Public Administration",2020-03-06,4
"702","Public Administration",2020-03-07,1
"703","Public Administration",2020-03-08,1
"704","Public Administration",2020-03-09,11
"705","Public Administration",2020-03-10,41
"706","Public Administration",2020-03-11,18
"707","Public Administration",2020-03-12,18
"708","Public Administration",2020-03-13,19
"709","Public Administration",2020-03-14,6
"710","Public Administration",2020-03-15,2
"711","Public Administration",2020-03-16,20
"712","Public Administration",2020-03-17,20
"713","Public Administration",2020-03-18,27
"714","Public Administration",2020-03-19,19
"715","Public Administration",2020-03-20,26
"716","Public Administration",2020-03-21,4
"717","Public Administration",2020-03-22,6
"718","Public Administration",2020-03-23,16
"719","Public Administration",2020-03-24,39
"720","Public Administration",2020-03-25,60
"721","Public Administration",2020-03-26,78
"722","Public Administration",2020-03-27,30
"723","Public Administration",2020-03-28,21
"724","Public Administration",2020-03-29,2
"725","Public Administration",2020-03-30,30
"726","Public Administration",2020-03-31,37
"727","Public Administration",2020-04-01,34
"728","Public Administration",2020-04-02,58
"729","Public Administration",2020-04-03,41
"730","Public Administration",2020-04-04,27
"731","Public Administration",2020-04-05,2
"732","Public Administration",2020-04-06,33
"733","Public Administration",2020-04-07,10
"734","Public Administration",2020-04-08,23
"735","Public Administration",2020-04-09,46
"736","Public Administration",2020-04-10,37
"737","Public Administration",2020-04-11,17
"738","Public Administration",2020-04-12,8
"739","Public Administration",2020-04-13,44
"740","Public Administration",2020-04-14,17
"741","Public Administration",2020-04-15,11
"742","Public Administration",2020-04-16,29
"743","Public Administration",2020-04-17,28
"744","Public Administration",2020-04-18,7
"745","Public Administration",2020-04-19,4
"746","Public Administration",2020-04-20,2
"747","Public Administration",2020-04-21,8
"748","Public Administration",2020-04-22,7
"749","Public Administration",2020-04-23,18
"750","Public Administration",2020-04-24,24
"751","Public Administration",2020-04-25,3
"752","Public Administration",2020-04-26,8
"753","Public Administration",2020-04-27,17
"754","Public Administration",2020-04-28,30
"755","Public Administration",2020-04-29,21
"756","Public Administration",2020-04-30,45
"757","Public Administration",2020-05-01,33
"758","Public Administration",2020-05-02,28
"759","Public Administration",2020-05-03,27
"760","Public Administration",2020-05-04,10
"761","Public Administration",2020-05-05,22
"762","Public Administration",2020-05-06,32
"763","Public Administration",2020-05-07,25
"764","Public Administration",2020-05-08,47
"765","Public Administration",2020-05-09,23
"766","Public Administration",2020-05-10,4
"767","Public Administration",2020-05-11,22
"768","Public Administration",2020-05-12,71
"769","Public Administration",2020-05-13,23
"770","Public Administration",2020-05-14,35
"771","Public Administration",2020-05-15,30
"772","Public Administration",2020-05-16,13
"773","Public Administration",2020-05-17,5
"774","Real Estate and Rental and Leasing",2020-02-27,4
"775","Real Estate and Rental and Leasing",2020-02-28,6
"776","Real Estate and Rental and Leasing",2020-03-01,4
"777","Real Estate and Rental and Leasing",2020-03-02,6
"778","Real Estate and Rental and Leasing",2020-03-03,16
"779","Real Estate and Rental and Leasing",2020-03-04,7
"780","Real Estate and Rental and Leasing",2020-03-05,5
"781","Real Estate and Rental and Leasing",2020-03-06,4
"782","Real Estate and Rental and Leasing",2020-03-07,2
"783","Real Estate and Rental and Leasing",2020-03-08,1
"784","Real Estate and Rental and Leasing",2020-03-09,14
"785","Real Estate and Rental and Leasing",2020-03-10,26
"786","Real Estate and Rental and Leasing",2020-03-11,11
"787","Real Estate and Rental and Leasing",2020-03-12,18
"788","Real Estate and Rental and Leasing",2020-03-13,27
"789","Real Estate and Rental and Leasing",2020-03-14,12
"790","Real Estate and Rental and Leasing",2020-03-15,1
"791","Real Estate and Rental and Leasing",2020-03-16,11
"792","Real Estate and Rental and Leasing",2020-03-17,12
"793","Real Estate and Rental and Leasing",2020-03-18,7
"794","Real Estate and Rental and Leasing",2020-03-19,16
"795","Real Estate and Rental and Leasing",2020-03-20,46
"796","Real Estate and Rental and Leasing",2020-03-21,22
"797","Real Estate and Rental and Leasing",2020-03-22,8
"798","Real Estate and Rental and Leasing",2020-03-23,14
"799","Real Estate and Rental and Leasing",2020-03-24,14
"800","Real Estate and Rental and Leasing",2020-03-25,23
"801","Real Estate and Rental and Leasing",2020-03-26,19
"802","Real Estate and Rental and Leasing",2020-03-27,27
"803","Real Estate and Rental and Leasing",2020-03-29,4
"804","Real Estate and Rental and Leasing",2020-03-30,8
"805","Real Estate and Rental and Leasing",2020-03-31,8
"806","Real Estate and Rental and Leasing",2020-04-01,7
"807","Real Estate and Rental and Leasing",2020-04-02,37
"808","Real Estate and Rental and Leasing",2020-04-03,32
"809","Real Estate and Rental and Leasing",2020-04-04,21
"810","Real Estate and Rental and Leasing",2020-04-05,1
"811","Real Estate and Rental and Leasing",2020-04-06,8
"812","Real Estate and Rental and Leasing",2020-04-07,20
"813","Real Estate and Rental and Leasing",2020-04-08,6
"814","Real Estate and Rental and Leasing",2020-04-09,10
"815","Real Estate and Rental and Leasing",2020-04-10,11
"816","Real Estate and Rental and Leasing",2020-04-11,14
"817","Real Estate and Rental and Leasing",2020-04-12,8
"818","Real Estate and Rental and Leasing",2020-04-13,25
"819","Real Estate and Rental and Leasing",2020-04-14,13
"820","Real Estate and Rental and Leasing",2020-04-15,8
"821","Real Estate and Rental and Leasing",2020-04-16,17
"822","Real Estate and Rental and Leasing",2020-04-17,8
"823","Real Estate and Rental and Leasing",2020-04-20,6
"824","Real Estate and Rental and Leasing",2020-04-21,32
"825","Real Estate and Rental and Leasing",2020-04-22,36
"826","Real Estate and Rental and Leasing",2020-04-23,7
"827","Real Estate and Rental and Leasing",2020-04-24,9
"828","Real Estate and Rental and Leasing",2020-04-26,3
"829","Real Estate and Rental and Leasing",2020-04-27,12
"830","Real Estate and Rental and Leasing",2020-04-28,9
"831","Real Estate and Rental and Leasing",2020-04-29,12
"832","Real Estate and Rental and Leasing",2020-04-30,26
"833","Real Estate and Rental and Leasing",2020-05-01,21
"834","Real Estate and Rental and Leasing",2020-05-02,3
"835","Real Estate and Rental and Leasing",2020-05-03,3
"836","Real Estate and Rental and Leasing",2020-05-04,45
"837","Real Estate and Rental and Leasing",2020-05-05,49
"838","Real Estate and Rental and Leasing",2020-05-06,36
"839","Real Estate and Rental and Leasing",2020-05-07,60
"840","Real Estate and Rental and Leasing",2020-05-08,75
"841","Real Estate and Rental and Leasing",2020-05-09,10
"842","Real Estate and Rental and Leasing",2020-05-10,6
"843","Real Estate and Rental and Leasing",2020-05-11,45
"844","Real Estate and Rental and Leasing",2020-05-12,14
"845","Real Estate and Rental and Leasing",2020-05-13,22
"846","Real Estate and Rental and Leasing",2020-05-14,13
"847","Real Estate and Rental and Leasing",2020-05-15,13
"848","Real Estate and Rental and Leasing",2020-05-16,7
"849","Real Estate and Rental and Leasing",2020-05-17,6
"850","Retail Trade and wholesale trade",2020-02-27,32
"851","Retail Trade and wholesale trade",2020-02-28,116
"852","Retail Trade and wholesale trade",2020-02-29,20
"853","Retail Trade and wholesale trade",2020-03-01,35
"854","Retail Trade and wholesale trade",2020-03-02,48
"855","Retail Trade and wholesale trade",2020-03-03,64
"856","Retail Trade and wholesale trade",2020-03-04,41
"857","Retail Trade and wholesale trade",2020-03-05,71
"858","Retail Trade and wholesale trade",2020-03-06,123
"859","Retail Trade and wholesale trade",2020-03-07,223
"860","Retail Trade and wholesale trade",2020-03-08,58
"861","Retail Trade and wholesale trade",2020-03-09,262
"862","Retail Trade and wholesale trade",2020-03-10,307
"863","Retail Trade and wholesale trade",2020-03-11,301
"864","Retail Trade and wholesale trade",2020-03-12,296
"865","Retail Trade and wholesale trade",2020-03-13,287
"866","Retail Trade and wholesale trade",2020-03-14,111
"867","Retail Trade and wholesale trade",2020-03-15,26
"868","Retail Trade and wholesale trade",2020-03-16,153
"869","Retail Trade and wholesale trade",2020-03-17,167
"870","Retail Trade and wholesale trade",2020-03-18,217
"871","Retail Trade and wholesale trade",2020-03-19,247
"872","Retail Trade and wholesale trade",2020-03-20,151
"873","Retail Trade and wholesale trade",2020-03-21,44
"874","Retail Trade and wholesale trade",2020-03-22,173
"875","Retail Trade and wholesale trade",2020-03-23,194
"876","Retail Trade and wholesale trade",2020-03-24,221
"877","Retail Trade and wholesale trade",2020-03-25,231
"878","Retail Trade and wholesale trade",2020-03-26,477
"879","Retail Trade and wholesale trade",2020-03-27,419
"880","Retail Trade and wholesale trade",2020-03-28,182
"881","Retail Trade and wholesale trade",2020-03-29,68
"882","Retail Trade and wholesale trade",2020-03-30,208
"883","Retail Trade and wholesale trade",2020-03-31,158
"884","Retail Trade and wholesale trade",2020-04-01,220
"885","Retail Trade and wholesale trade",2020-04-02,345
"886","Retail Trade and wholesale trade",2020-04-03,208
"887","Retail Trade and wholesale trade",2020-04-04,194
"888","Retail Trade and wholesale trade",2020-04-05,51
"889","Retail Trade and wholesale trade",2020-04-06,193
"890","Retail Trade and wholesale trade",2020-04-07,314
"891","Retail Trade and wholesale trade",2020-04-08,162
"892","Retail Trade and wholesale trade",2020-04-09,167
"893","Retail Trade and wholesale trade",2020-04-10,195
"894","Retail Trade and wholesale trade",2020-04-11,156
"895","Retail Trade and wholesale trade",2020-04-12,43
"896","Retail Trade and wholesale trade",2020-04-13,179
"897","Retail Trade and wholesale trade",2020-04-14,178
"898","Retail Trade and wholesale trade",2020-04-15,79
"899","Retail Trade and wholesale trade",2020-04-16,107
"900","Retail Trade and wholesale trade",2020-04-17,174
"901","Retail Trade and wholesale trade",2020-04-18,84
"902","Retail Trade and wholesale trade",2020-04-19,22
"903","Retail Trade and wholesale trade",2020-04-20,110
"904","Retail Trade and wholesale trade",2020-04-21,72
"905","Retail Trade and wholesale trade",2020-04-22,262
"906","Retail Trade and wholesale trade",2020-04-23,102
"907","Retail Trade and wholesale trade",2020-04-24,101
"908","Retail Trade and wholesale trade",2020-04-25,57
"909","Retail Trade and wholesale trade",2020-04-26,64
"910","Retail Trade and wholesale trade",2020-04-27,216
"911","Retail Trade and wholesale trade",2020-04-28,154
"912","Retail Trade and wholesale trade",2020-04-29,183
"913","Retail Trade and wholesale trade",2020-04-30,205
"914","Retail Trade and wholesale trade",2020-05-01,157
"915","Retail Trade and wholesale trade",2020-05-02,73
"916","Retail Trade and wholesale trade",2020-05-03,123
"917","Retail Trade and wholesale trade",2020-05-04,154
"918","Retail Trade and wholesale trade",2020-05-05,233
"919","Retail Trade and wholesale trade",2020-05-06,332
"920","Retail Trade and wholesale trade",2020-05-07,436
"921","Retail Trade and wholesale trade",2020-05-08,160
"922","Retail Trade and wholesale trade",2020-05-09,47
"923","Retail Trade and wholesale trade",2020-05-10,52
"924","Retail Trade and wholesale trade",2020-05-11,206
"925","Retail Trade and wholesale trade",2020-05-12,209
"926","Retail Trade and wholesale trade",2020-05-13,210
"927","Retail Trade and wholesale trade",2020-05-14,182
"928","Retail Trade and wholesale trade",2020-05-15,156
"929","Retail Trade and wholesale trade",2020-05-16,99
"930","Retail Trade and wholesale trade",2020-05-17,36
"931","Transportation and Warehousing",2020-02-27,2
"932","Transportation and Warehousing",2020-02-28,11
"933","Transportation and Warehousing",2020-02-29,4
"934","Transportation and Warehousing",2020-03-02,8
"935","Transportation and Warehousing",2020-03-03,8
"936","Transportation and Warehousing",2020-03-04,7
"937","Transportation and Warehousing",2020-03-05,6
"938","Transportation and Warehousing",2020-03-06,7
"939","Transportation and Warehousing",2020-03-07,4
"940","Transportation and Warehousing",2020-03-08,3
"941","Transportation and Warehousing",2020-03-09,8
"942","Transportation and Warehousing",2020-03-10,9
"943","Transportation and Warehousing",2020-03-11,10
"944","Transportation and Warehousing",2020-03-12,13
"945","Transportation and Warehousing",2020-03-13,3
"946","Transportation and Warehousing",2020-03-14,5
"947","Transportation and Warehousing",2020-03-16,2
"948","Transportation and Warehousing",2020-03-17,20
"949","Transportation and Warehousing",2020-03-18,8
"950","Transportation and Warehousing",2020-03-19,3
"951","Transportation and Warehousing",2020-03-20,11
"952","Transportation and Warehousing",2020-03-21,1
"953","Transportation and Warehousing",2020-03-22,1
"954","Transportation and Warehousing",2020-03-23,6
"955","Transportation and Warehousing",2020-03-24,22
"956","Transportation and Warehousing",2020-03-25,16
"957","Transportation and Warehousing",2020-03-26,3
"958","Transportation and Warehousing",2020-03-27,6
"959","Transportation and Warehousing",2020-04-01,10
"960","Transportation and Warehousing",2020-04-02,14
"961","Transportation and Warehousing",2020-04-03,6
"962","Transportation and Warehousing",2020-04-04,10
"963","Transportation and Warehousing",2020-04-06,8
"964","Transportation and Warehousing",2020-04-07,8
"965","Transportation and Warehousing",2020-04-08,6
"966","Transportation and Warehousing",2020-04-09,4
"967","Transportation and Warehousing",2020-04-10,4
"968","Transportation and Warehousing",2020-04-11,8
"969","Transportation and Warehousing",2020-04-13,8
"970","Transportation and Warehousing",2020-04-14,6
"971","Transportation and Warehousing",2020-04-15,1
"972","Transportation and Warehousing",2020-04-16,8
"973","Transportation and Warehousing",2020-04-17,10
"974","Transportation and Warehousing",2020-04-19,2
"975","Transportation and Warehousing",2020-04-21,15
"976","Transportation and Warehousing",2020-04-22,8
"977","Transportation and Warehousing",2020-04-23,5
"978","Transportation and Warehousing",2020-04-24,3
"979","Transportation and Warehousing",2020-04-26,1
"980","Transportation and Warehousing",2020-04-27,8
"981","Transportation and Warehousing",2020-04-28,6
"982","Transportation and Warehousing",2020-04-29,2
"983","Transportation and Warehousing",2020-04-30,8
"984","Transportation and Warehousing",2020-05-01,7
"985","Transportation and Warehousing",2020-05-02,11
"986","Transportation and Warehousing",2020-05-03,4
"987","Transportation and Warehousing",2020-05-04,22
"988","Transportation and Warehousing",2020-05-05,9
"989","Transportation and Warehousing",2020-05-06,11
"990","Transportation and Warehousing",2020-05-07,4
"991","Transportation and Warehousing",2020-05-09,2
"992","Transportation and Warehousing",2020-05-10,9
"993","Transportation and Warehousing",2020-05-11,12
"994","Transportation and Warehousing",2020-05-12,10
"995","Transportation and Warehousing",2020-05-13,16
"996","Transportation and Warehousing",2020-05-14,16
"997","Transportation and Warehousing",2020-05-15,8
"998","Transportation and Warehousing",2020-05-16,13
